datetime,open,high,low,close
2023-04-15 06:00:00,2005.46997,2005.68994,2003.95996,2004.26001
2023-04-15 05:00:00,2006.43005,2007.98999,2005.03003,2005.32996
2023-04-15 04:00:00,2004.04004,2006.91003,2003.35999,2006.51001
2023-04-15 03:00:00,1999.63,2004.21997,1998.68994,2003.98999
2023-04-15 02:00:00,1995.85999,1999.76001,1992.45996,1999.59998
2023-04-15 01:00:00,1998.63,2000.87,1993.87,1995.76001
2023-04-15 00:00:00,2021.82996,2022.43005,1998.18005,1998.56995
2023-04-14 23:00:00,2024.57996,2028.01001,2020.01001,2023.62
2023-04-14 22:00:00,2033.38,2040.21997,2017.68005,2024.79004
2023-04-14 21:00:00,2038.32996,2038.32996,2032.35999,2033.38
2023-04-14 20:00:00,2038.76001,2042.26001,2037.78003,2038.31995
2023-04-14 19:00:00,2035.78003,2038.76001,2034.55005,2038.65002
2023-04-14 18:00:00,2039.31006,2039.38,2031.88,2035.66003
2023-04-14 17:00:00,2041.30005,2041.41003,2036.76001,2039.31006
2023-04-14 16:00:00,2042.84998,2044.38,2040.73999,2041.39001
2023-04-14 15:00:00,2043.42004,2043.59998,2039.68005,2042.83997
2023-04-14 14:00:00,2045.14001,2046.54004,2042.56006,2043.30005
2023-04-14 13:00:00,2046.16003,2046.16003,2043.18994,2045.01001
2023-04-14 12:00:00,2045.94995,2047.45996,2044.92004,2046.18005
2023-04-14 11:00:00,2041.95996,2046.06006,2041.17004,2045.88
2023-04-14 10:00:00,2039.59998,2043.71997,2038.80005,2041.94995
2023-04-14 09:00:00,2040.18994,2040.26001,2038.81995,2039.83997
2023-04-14 08:00:00,2040.48999,2040.76001,2040.07996,2040.14001
2023-04-14 06:00:00,2040.59998,2041.09998,2039.91003,2040.10999
2023-04-14 05:00:00,2038.60999,2040.90002,2036.64001,2040.79004
2023-04-14 04:00:00,2043.78003,2043.98999,2037.59998,2038.40002
2023-04-14 03:00:00,2040.26001,2044.12,2039.28003,2043.81006
2023-04-14 02:00:00,2038.96997,2040.58997,2037.38,2040.26001
2023-04-14 01:00:00,2034.28003,2042.38,2034.28003,2038.96997
2023-04-14 00:00:00,2046.56995,2048.65991,2033.83997,2034.31995
2023-04-13 23:00:00,2045.21997,2046.92004,2039.98999,2046.62
2023-04-13 22:00:00,2028.66003,2045.83997,2026.68994,2045.09998
2023-04-13 21:00:00,2026.80005,2028.76001,2025.55005,2028.68005
2023-04-13 20:00:00,2026.73999,2028.06006,2025.12,2026.80005
2023-04-13 19:00:00,2026.63,2028.68005,2025.76001,2026.64001
2023-04-13 18:00:00,2024.56995,2029.23999,2024.46997,2026.63
2023-04-13 17:00:00,2020.70996,2025.71997,2020.66003,2024.56006
2023-04-13 16:00:00,2015.38,2023.17004,2015.38,2020.51001
2023-04-13 15:00:00,2018.53003,2019.18994,2015.43994,2015.45996
2023-04-13 14:00:00,2017.64001,2019.55005,2017.48999,2018.51001
2023-04-13 13:00:00,2017.88,2017.98999,2015.79004,2017.55005
2023-04-13 12:00:00,2017.73999,2019.43005,2016.42004,2017.96997
2023-04-13 11:00:00,2017.73999,2019.17004,2015.85999,2018.01001
2023-04-13 10:00:00,2018.18005,2019.88,2016.64001,2017.91003
2023-04-13 09:00:00,2015.26001,2018.59998,2015.23999,2018.26001
2023-04-13 08:00:00,2014.43005,2015.28003,2014.18005,2015.28003
2023-04-13 06:00:00,2013.69995,2015.20996,2013.32996,2014.98999
2023-04-13 05:00:00,2015.85999,2018.12,2013.26001,2013.90002
2023-04-13 04:00:00,2011.48999,2017.01001,2011.39001,2015.88
2023-04-13 03:00:00,2007.93005,2012.59998,2006.81995,2011.58997
2023-04-13 02:00:00,2005.76001,2009.33997,2005.32996,2007.93994
2023-04-13 01:00:00,2007.06006,2009.54004,2005.73999,2005.90002
2023-04-13 00:00:00,2007.92004,2013.18005,2003.31006,2007.01001
2023-04-12 23:00:00,2022.32996,2023.85999,2001.59998,2007.81006
2023-04-12 22:00:00,2007.80005,2028.31006,2006.32996,2022.65002
2023-04-12 21:00:00,2008.94995,2010.31995,2007.42004,2007.98999
2023-04-12 20:00:00,2010.84998,2011.59998,2007.48999,2008.68994
2023-04-12 19:00:00,2009.13,2011.68005,2008.64001,2010.89001
2023-04-12 18:00:00,2013.08997,2013.63,2009.04004,2009.14001
2023-04-12 17:00:00,2015.51001,2016.58997,2011.76001,2013.09998
2023-04-12 16:00:00,2018.26001,2018.80005,2013.58997,2015.69995
2023-04-12 15:00:00,2020.40002,2020.81006,2017.60999,2018.31006
2023-04-12 14:00:00,2017.34998,2021.16003,2017.12,2020.37
2023-04-12 13:00:00,2014.93994,2018.38,2014.23999,2017.26001
2023-04-12 12:00:00,2014.85999,2019.35999,2013.90002,2015.01001
2023-04-12 11:00:00,2005.44995,2015.16003,2004.05005,2014.95996
2023-04-12 10:00:00,2004.81006,2005.62,2004.13,2005.56995
2023-04-12 09:00:00,2003.91003,2005.17004,2003.54004,2004.80005
2023-04-12 08:00:00,2003.20996,2004.41003,2003.18994,2003.93994
2023-04-12 06:00:00,2004.19995,2004.71997,2002.93005,2003.60999
2023-04-12 05:00:00,2004.79004,2006.79004,2003.62,2004.26001
2023-04-12 04:00:00,2005.63,2005.94995,2004.05005,2004.62
2023-04-12 03:00:00,2006.21997,2006.43005,2001.14001,2005.65002
2023-04-12 02:00:00,2004.23999,2006.62,2004.05005,2006.21997
2023-04-12 01:00:00,2002.48999,2006.29004,2001.71997,2004.28003
2023-04-12 00:00:00,2001.43994,2004.70996,1999.76001,2002.48999
2023-04-11 23:00:00,1998.65002,2002.54004,1995.66003,2001.33997
2023-04-11 22:00:00,2000.53003,2002.63,1998.48999,1998.56995
2023-04-11 21:00:00,2004.51001,2004.51001,1999.44995,2000.54004
2023-04-11 20:00:00,2004.55005,2005.06006,2001.63,2004.51001
2023-04-11 19:00:00,2004.59998,2005.44995,2002.60999,2004.55005
2023-04-11 18:00:00,2002.08997,2007.48999,2001.29004,2004.63
2023-04-11 17:00:00,1999.33997,2003.76001,1997.94995,2002.16003
2023-04-11 16:00:00,1999.13,2001.87,1998.48999,1999.28003
2023-04-11 15:00:00,1999.84998,2001.56006,1998.70996,1999.12
2023-04-11 14:00:00,1997.59998,2000.10999,1997.45996,1999.82996
2023-04-11 13:00:00,1997.81006,1998.34998,1996.60999,1997.63
2023-04-11 12:00:00,1991.18005,1998.10999,1991.17004,1997.90002
2023-04-11 11:00:00,1993.23999,1993.46997,1988.81006,1991.29004
2023-04-11 10:00:00,1992.42004,1995.44995,1992.42004,1993.31006
2023-04-11 09:00:00,1991.39001,1992.63,1991.10999,1992.48999
2023-04-11 08:00:00,1991.56006,1991.68994,1990.31995,1991.46997
2023-04-11 06:00:00,1991.56006,1991.82996,1990.87,1991.34998
2023-04-11 05:00:00,1990.51001,1992.90002,1990.35999,1991.68005
2023-04-11 04:00:00,1989.03003,1990.92004,1987.73999,1990.44995
2023-04-11 03:00:00,1989.79004,1991.18005,1988.12,1989.04004
2023-04-11 02:00:00,1988.73999,1990.96997,1987.20996,1989.79004
2023-04-11 01:00:00,1987.58997,1990.15002,1987.32996,1988.71997
2023-04-11 00:00:00,1988.08997,1992.04004,1981.73999,1987.68994
2023-04-10 23:00:00,1989.55005,1994.20996,1986.33997,1988.18994
2023-04-10 22:00:00,2001.53003,2001.98999,1989.17004,1989.58997
2023-04-10 21:00:00,2001.92004,2003.04004,2000.03003,2001.60999
2023-04-10 20:00:00,2000.63,2002.84998,1999.93994,2001.93005
2023-04-10 19:00:00,1997.23999,2001.98999,1997.05005,2000.64001
2023-04-10 18:00:00,1997.40002,1999.43994,1995.98999,1997.42004
2023-04-10 17:00:00,1995.95996,1997.69995,1995.13,1997.43005
2023-04-10 16:00:00,1994.26001,1996.43005,1991.81995,1995.98999
2023-04-10 15:00:00,1992.07996,1995.26001,1991.43994,1994.59998
2023-04-10 14:00:00,1991.07996,1993.83997,1989.73999,1992.26001
2023-04-10 13:00:00,1991.23999,1992.92004,1990.48999,1991.01001
2023-04-10 12:00:00,1997.21997,1997.30005,1989.03003,1991.21997
2023-04-10 11:00:00,1998.93005,2000.78003,1995.69995,1997.10999
2023-04-10 10:00:00,2005.64001,2005.88,1997.69995,1998.37
2023-04-10 09:00:00,2005.64001,2006.07996,2004.81995,2005.56006
2023-04-10 08:00:00,1998.26001,2006.62,1996.34998,2005.38
2023-04-07 08:00:00,2008.01001,2008.01001,2008.01001,2008.01001
2023-04-07 06:00:00,2006.96997,2008.15002,2005.84998,2007.40002
2023-04-07 05:00:00,2009.33997,2009.56006,2006.31995,2006.48999
2023-04-07 04:00:00,2010.06995,2011.67004,2008.29004,2009.32996
2023-04-07 03:00:00,2011.92004,2012.58997,2008.73999,2010.06995
2023-04-07 02:00:00,2011.17004,2015.01001,2010.81995,2011.79004
2023-04-07 01:00:00,2011.91003,2013.08997,2009.18994,2011.19995
2023-04-07 00:00:00,2003.39001,2012.12,2001.37,2011.93005
2023-04-06 23:00:00,2013.10999,2014.29004,2000.93994,2003.59998
2023-04-06 22:00:00,2018.63,2020.77002,2011.38,2013.10999
2023-04-06 21:00:00,2020.32996,2020.96997,2017.15002,2018.63
2023-04-06 20:00:00,2019.62,2020.82996,2017.63,2020.33997
2023-04-06 19:00:00,2017.43005,2020.51001,2017.18005,2019.64001
2023-04-06 18:00:00,2016.39001,2019.67004,2014.87,2017.41003
2023-04-06 17:00:00,2013.45996,2018.12,2012.78003,2016.40002
2023-04-06 16:00:00,2015.73999,2016.93994,2011.88,2013.87
2023-04-06 15:00:00,2013.81006,2016.13,2012.13,2015.70996
2023-04-06 14:00:00,2011.43005,2014.01001,2010.59998,2013.73999
2023-04-06 13:00:00,2011.01001,2012.30005,2010.26001,2011.42004
2023-04-06 12:00:00,2012.73999,2013.26001,2008.10999,2010.98999
2023-04-06 11:00:00,2017.18005,2017.18005,2012.60999,2012.68994
2023-04-06 10:00:00,2020.33997,2020.48999,2017.09998,2017.10999
2023-04-06 09:00:00,2020.46997,2021.06995,2020.14001,2020.39001
2023-04-06 08:00:00,2020.81995,2021.43005,2018.79004,2020.51001
2023-04-06 06:00:00,2021.14001,2021.71997,2020.26001,2020.67004
2023-04-06 05:00:00,2023.07996,2023.26001,2020.67004,2021.10999
2023-04-06 04:00:00,2021.15002,2023.31995,2020.76001,2023.12
2023-04-06 03:00:00,2021.30005,2022.04004,2019.17004,2021.01001
2023-04-06 02:00:00,2021.81995,2024.01001,2019.71997,2021.43005
2023-04-06 01:00:00,2018.80005,2023.06006,2015.98999,2021.68005
2023-04-06 00:00:00,2030.56995,2031.45996,2010.20996,2018.80005
2023-04-05 23:00:00,2031.76001,2032.07996,2021.38,2022.81995
2023-04-05 22:00:00,2022.98999,2032.04004,2022.33997,2031.59998
2023-04-05 21:00:00,2022.42004,2024.59998,2021.59998,2022.91003
2023-04-05 20:00:00,2024.60999,2025.20996,2021.82996,2022.35999
2023-04-05 19:00:00,2024.12,2025.20996,2021.93005,2024.62
2023-04-05 18:00:00,2025.42004,2028.19995,2023.30005,2024.07996
2023-04-05 17:00:00,2024.45996,2028.41003,2022.96997,2025.44995
2023-04-05 16:00:00,2024.37,2026.39001,2023.05005,2024.51001
2023-04-05 15:00:00,2023.37,2024.81995,2022.84998,2024.31006
2023-04-05 14:00:00,2023.13,2023.82996,2022.18005,2023.40002
2023-04-05 13:00:00,2024.06006,2024.12,2021.94995,2023.13
2023-04-05 12:00:00,2020.58997,2025.38,2020.26001,2024.01001
2023-04-05 11:00:00,2019.62,2021.89001,2019.62,2020.57996
2023-04-05 10:00:00,2021.90002,2022.56006,2019.48999,2019.60999
2023-04-05 09:00:00,2020.63,2023.67004,2020.63,2021.90002
2023-04-05 08:00:00,2021.14001,2021.68005,2019.85999,2020.62
2023-04-05 06:00:00,2021.93994,2022.01001,2020.20996,2020.71997
2023-04-05 05:00:00,2021.56006,2022.46997,2020.37,2021.84998
2023-04-05 04:00:00,2018.34998,2021.60999,2017.91003,2021.45996
2023-04-05 03:00:00,2020.81995,2021.03003,2017.88,2018.37
2023-04-05 02:00:00,2020.26001,2025.01001,2019.87,2020.79004
2023-04-05 01:00:00,2016.34998,2023.07996,2015.82996,2020.39001
2023-04-05 00:00:00,1995.10999,2024.93994,1995.10999,2016.26001
2023-04-04 23:00:00,1983.46997,1993.23999,1983.42004,1992.78003
2023-04-04 22:00:00,1982.08997,1985.66003,1981.59998,1983.66003
2023-04-04 21:00:00,1982.06995,1982.58997,1978.60999,1982.06995
2023-04-04 20:00:00,1983.06995,1984.38,1981.45996,1982.21997
2023-04-04 19:00:00,1980.73999,1983.81006,1980.28003,1983.08997
2023-04-04 18:00:00,1982.17004,1984.20996,1980.33997,1980.76001
2023-04-04 17:00:00,1981.60999,1983.85999,1978.84998,1982.29004
2023-04-04 16:00:00,1979.10999,1982.37,1976.98999,1981.64001
2023-04-04 15:00:00,1979.82996,1981.03003,1978.23999,1978.91003
2023-04-04 14:00:00,1978.23999,1980.80005,1977.94995,1979.83997
2023-04-04 13:00:00,1980.89001,1980.89001,1977.88,1978.23999
2023-04-04 12:00:00,1978.32996,1981.51001,1978.13,1980.91003
2023-04-04 11:00:00,1983.03003,1983.68994,1977.92004,1978.32996
2023-04-04 10:00:00,1984.98999,1985.33997,1982.23999,1983.01001
2023-04-04 09:00:00,1983.91003,1985.56006,1983.62,1984.98999
2023-04-04 08:00:00,1984.31995,1985.62,1983.73999,1984.01001
2023-04-04 06:00:00,1985.56995,1985.89001,1983.71997,1984.56006
2023-04-04 05:00:00,1982.54004,1986.09998,1982.33997,1985.19995
2023-04-04 04:00:00,1984.88,1985.30005,1982.26001,1982.45996
2023-04-04 03:00:00,1987.06006,1987.06006,1981.93994,1985.06995
2023-04-04 02:00:00,1987.96997,1990.53003,1986.88,1987.07996
2023-04-04 01:00:00,1986.16003,1990.46997,1984.01001,1987.98999
2023-04-04 00:00:00,1979.76001,1989.89001,1978.87,1986.07996
2023-04-03 23:00:00,1979.18005,1980.79004,1972.55005,1976.05005
2023-04-03 22:00:00,1978.53003,1979.94995,1975.88,1979.16003
2023-04-03 21:00:00,1972.55005,1978.73999,1971.26001,1978.73999
2023-04-03 20:00:00,1966.15002,1972.56006,1966.06006,1972.51001
2023-04-03 19:00:00,1966.06995,1967.08997,1963.13,1966.18005
2023-04-03 18:00:00,1961.85999,1966.48999,1961.29004,1965.79004
2023-04-03 17:00:00,1954.88,1961.98999,1953.31995,1961.87
2023-04-03 16:00:00,1953.89001,1957.23999,1950.98999,1954.82996
2023-04-03 15:00:00,1952.39001,1954.15002,1951.55005,1953.84998
2023-04-03 14:00:00,1951.83997,1952.79004,1950.59998,1952.62
2023-04-03 13:00:00,1952.63,1953.85999,1949.81006,1951.90002
2023-04-03 12:00:00,1960.38,1960.42004,1952.57996,1952.62
2023-04-03 11:00:00,1962.57996,1964.63,1958.55005,1960.39001
2023-04-03 10:00:00,1957.19995,1964.20996,1956.90002,1962.45996
2023-04-03 09:00:00,1962.45996,1962.70996,1957.13,1957.16003
2023-04-03 08:00:00,1968.19995,1970.57996,1960.28003,1962.63
2023-04-01 06:00:00,1971.48999,1971.48999,1968.39001,1970.98999
2023-04-01 05:00:00,1967.43994,1972.17004,1967.33997,1971.26001
2023-04-01 04:00:00,1977.23999,1977.35999,1966.91003,1967.46997
2023-04-01 03:00:00,1979.68005,1979.79004,1975.38,1977.26001
2023-04-01 02:00:00,1978.07996,1981.12,1974.93005,1979.67004
2023-04-01 01:00:00,1980.58997,1981.12,1975.38,1978.01001
2023-04-01 00:00:00,1979.69995,1984.13,1975.06995,1979.76001
2023-03-31 23:00:00,1980.30005,1987.65002,1976.31006,1979.73999
2023-03-31 22:00:00,1979.62,1982.01001,1979.40002,1980.30005
2023-03-31 21:00:00,1978.48999,1981.06995,1977.05005,1979.43994
2023-03-31 20:00:00,1975.83997,1980.48999,1975.68994,1978.58997
2023-03-31 19:00:00,1975.40002,1978.70996,1973.29004,1975.26001
2023-03-31 18:00:00,1984.23999,1984.23999,1974.89001,1975.39001
2023-03-31 17:00:00,1979.55005,1985.12,1979.46997,1984.26001
2023-03-31 16:00:00,1980.87,1980.94995,1978.15002,1979.12
2023-03-31 15:00:00,1981.23999,1982.10999,1980.31995,1980.87
2023-03-31 14:00:00,1981.70996,1981.98999,1980.81006,1981.19995
2023-03-31 13:00:00,1982.32996,1983.31995,1980.85999,1981.79004
2023-03-31 12:00:00,1979.76001,1983.73999,1979.16003,1982.43994
2023-03-31 11:00:00,1978.38,1979.81995,1977.73999,1979.73999
2023-03-31 10:00:00,1979.15002,1980.23999,1978.12,1978.48999
2023-03-31 09:00:00,1980.56995,1980.63,1979.12,1979.14001
2023-03-31 07:00:00,1981.38,1981.98999,1980.03003,1980.32996
2023-03-31 06:00:00,1981.44995,1983.12,1980.63,1981.66003
2023-03-31 05:00:00,1979.88,1981.94995,1979.57996,1981.55005
2023-03-31 04:00:00,1983.44995,1983.54004,1978.20996,1979.95996
2023-03-31 03:00:00,1974.94995,1984.37,1974.84998,1983.19995
2023-03-31 02:00:00,1972.18005,1975.23999,1971.18005,1974.81995
2023-03-31 01:00:00,1966.76001,1972.38,1964.06006,1972.20996
2023-03-31 00:00:00,1970.42004,1971.16003,1965.31006,1966.70996
2023-03-30 23:00:00,1968.83997,1975.26001,1967.87,1970.38
2023-03-30 22:00:00,1968.89001,1971.21997,1968.32996,1968.73999
2023-03-30 21:00:00,1967.45996,1971.04004,1967.01001,1968.92004
2023-03-30 20:00:00,1967.96997,1968.62,1967.01001,1967.48999
2023-03-30 19:00:00,1966.51001,1968.60999,1964.93994,1967.95996
2023-03-30 18:00:00,1968.88,1971.48999,1966.14001,1966.71997
2023-03-30 17:00:00,1964.43994,1969.53003,1963.83997,1968.81006
2023-03-30 16:00:00,1961.06006,1965.43005,1960.38,1964.59998
2023-03-30 15:00:00,1959.67004,1961.42004,1958.98999,1960.90002
2023-03-30 14:00:00,1958.48999,1960.93994,1957.76001,1959.62
2023-03-30 13:00:00,1959.12,1960.37,1958.07996,1958.56995
2023-03-30 12:00:00,1961.53003,1961.85999,1955.43994,1959.15002
2023-03-30 11:00:00,1963.38,1963.59998,1960.91003,1961.55005
2023-03-30 10:00:00,1964.46997,1964.51001,1962.98999,1963.31995
2023-03-30 09:00:00,1963.55005,1965.05005,1963.21997,1964.46997
2023-03-30 07:00:00,1963.62,1964.73999,1962.80005,1964.56995
2023-03-30 06:00:00,1966.88,1966.88,1961.23999,1963.40002
2023-03-30 05:00:00,1969.07996,1969.16003,1966.71997,1966.98999
2023-03-30 04:00:00,1965.08997,1969.18994,1963.60999,1969.08997
2023-03-30 03:00:00,1961.98999,1965.66003,1961.76001,1965.09998
2023-03-30 02:00:00,1969.20996,1969.42004,1960.87,1961.93994
2023-03-30 01:00:00,1965.26001,1971.78003,1963.33997,1969.17004
2023-03-30 00:00:00,1965.03003,1968.18005,1961.12,1965.76001
2023-03-29 23:00:00,1966.76001,1968.68994,1962.57996,1964.88
2023-03-29 22:00:00,1967.88,1968.56006,1963.37,1966.76001
2023-03-29 21:00:00,1967.39001,1969.23999,1965.89001,1967.88
2023-03-29 20:00:00,1964.38,1968.10999,1964.38,1967.38
2023-03-29 19:00:00,1961.78003,1964.58997,1960.88,1964.41003
2023-03-29 18:00:00,1961.81006,1964.69995,1958.79004,1961.76001
2023-03-29 17:00:00,1962.83997,1963.63,1960.30005,1962.05005
2023-03-29 16:00:00,1966.42004,1967.71997,1963.10999,1963.12
2023-03-29 15:00:00,1966.65002,1968.98999,1965.95996,1966.32996
2023-03-29 14:00:00,1968.45996,1969.21997,1965.90002,1966.53003
2023-03-29 13:00:00,1969.01001,1970.32996,1967.51001,1968.43994
2023-03-29 12:00:00,1970.73999,1971.88,1966.98999,1969.18005
2023-03-29 11:00:00,1972.19995,1972.91003,1970.06995,1970.51001
2023-03-29 10:00:00,1973.06006,1973.76001,1971.54004,1971.96997
2023-03-29 09:00:00,1973.72998,1974.42004,1972.59998,1973.28003
2023-03-29 07:00:00,1973.68005,1974.16003,1971.73999,1973.69995
2023-03-29 06:00:00,1973.31006,1975.26001,1972.63,1973.43994
2023-03-29 05:00:00,1974.62,1975.16003,1971.17004,1973.29004
2023-03-29 04:00:00,1968.95996,1975.12,1968.95996,1974.69995
2023-03-29 03:00:00,1966.78003,1969.38,1965.79004,1969.12
2023-03-29 02:00:00,1969.34998,1969.93005,1966.12,1966.73999
2023-03-29 01:00:00,1963.37,1970.03003,1959.03003,1969.10999
2023-03-29 00:00:00,1965.38,1965.94995,1960.84998,1963.38
2023-03-28 23:00:00,1957.14001,1967.26001,1957.09998,1965.23999
2023-03-28 22:00:00,1956.81006,1958.62,1955.79004,1957.10999
2023-03-28 21:00:00,1953.78003,1957.32996,1953.57996,1956.81995
2023-03-28 20:00:00,1950.35999,1953.90002,1949.29004,1953.83997
2023-03-28 19:00:00,1954.15002,1955.93994,1949.88,1950.38
2023-03-28 18:00:00,1955.04004,1956.89001,1951.94995,1954.09998
2023-03-28 17:00:00,1959.62,1959.62,1953.20996,1955.04004
2023-03-28 16:00:00,1957.81995,1960.95996,1956.88,1959.56995
2023-03-28 15:00:00,1959.73999,1960.14001,1957.51001,1957.88
2023-03-28 14:00:00,1960.31995,1961.20996,1959.01001,1959.79004
2023-03-28 13:00:00,1962.65002,1962.73999,1959.38,1960.31995
2023-03-28 12:00:00,1959.14001,1964.12,1959.12,1962.68994
2023-03-28 11:00:00,1958.43994,1960.73999,1957.81006,1959.41003
2023-03-28 10:00:00,1957.51001,1958.33997,1957.20996,1958.18994
2023-03-28 09:00:00,1956.73999,1958.14001,1956.53003,1957.20996
2023-03-28 07:00:00,1956.96997,1957.65002,1955.81006,1956.48999
2023-03-28 06:00:00,1956.06995,1958.23999,1955.62,1957.09998
2023-03-28 05:00:00,1952.78003,1956.80005,1952.73999,1956.09998
2023-03-28 04:00:00,1955.88,1956.30005,1950.80005,1952.80005
2023-03-28 03:00:00,1956.93005,1959.51001,1954.71997,1955.96997
2023-03-28 02:00:00,1954.08997,1958.68994,1953.28003,1956.93994
2023-03-28 01:00:00,1949.59998,1956.69995,1946.01001,1954.29004
2023-03-28 00:00:00,1946.18994,1950.94995,1944.18005,1949.08997
2023-03-27 23:00:00,1953.93005,1958.20996,1944.48999,1945.81995
2023-03-27 22:00:00,1949.88,1955.05005,1949.37,1954.26001
2023-03-27 21:00:00,1955.80005,1957.37,1948.31995,1949.83997
2023-03-27 20:00:00,1968.44995,1968.76001,1956.07996,1956.12
2023-03-27 19:00:00,1970.69995,1972.26001,1967.39001,1968.40002
2023-03-27 18:00:00,1969.73999,1972.62,1966.03003,1970.95996
2023-03-27 17:00:00,1969.95996,1971.84998,1966.70996,1969.79004
2023-03-27 16:00:00,1973.78003,1974.04004,1969.41003,1970.18005
2023-03-27 15:00:00,1974.73999,1975.60999,1973.39001,1973.76001
2023-03-27 14:00:00,1976.88,1977.05005,1974.55005,1974.69995
2023-03-27 13:00:00,1974.43994,1977.14001,1973.64001,1976.94995
2023-03-27 12:00:00,1973.69995,1978.78003,1972.21997,1974.48999
2023-03-27 11:00:00,1975.68994,1976.21997,1972.68005,1973.90002
2023-03-27 10:00:00,1973.98999,1976.85999,1973.17004,1975.83997
2023-03-27 09:00:00,1978.39001,1979.41003,1969.42004,1973.96997
2023-03-25 06:00:00,1978.21997,1979.68994,1975.91003,1976.06006
2023-03-25 05:00:00,1979.83997,1979.95996,1975.33997,1978.48999
2023-03-25 04:00:00,1986.88,1987.31006,1975.70996,1979.83997
2023-03-25 03:00:00,1986.88,1990.62,1983.95996,1986.92004
2023-03-25 02:00:00,1994.53003,1995.80005,1987.20996,1987.31006
2023-03-25 01:00:00,1989.09998,1998.38,1986.07996,1994.45996
2023-03-25 00:00:00,1999.14001,2001.87,1988.70996,1989.68994
2023-03-24 23:00:00,1995.84998,2002.96997,1993.31995,1999.13
2023-03-24 22:00:00,1993.89001,1996.12,1990.84998,1995.88
2023-03-24 21:00:00,1994.45996,2000.37,1992.65002,1993.84998
2023-03-24 20:00:00,1985.60999,1994.93005,1985.60999,1994.43994
2023-03-24 19:00:00,1989.31995,1992.94995,1981.32996,1985.56995
2023-03-24 18:00:00,1986.51001,1990.18994,1986.16003,1989.51001
2023-03-24 17:00:00,1990.44995,1991.06006,1985.37,1986.09998
2023-03-24 16:00:00,1993.31006,1993.34998,1989.48999,1990.60999
2023-03-24 15:00:00,1992.84998,1993.29004,1991.19995,1993.20996
2023-03-24 14:00:00,1991.76001,1993.54004,1989.83997,1992.88
2023-03-24 13:00:00,1990.83997,1993.43994,1990.55005,1991.70996
2023-03-24 12:00:00,1993.57996,1995.01001,1990.37,1990.81995
2023-03-24 11:00:00,1991.37,1994.62,1989.89001,1993.82996
2023-03-24 10:00:00,1992.01001,1993.23999,1990.68005,1991.38
2023-03-24 09:00:00,1993.93005,1994.10999,1990.16003,1992.06995
2023-03-24 07:00:00,1997.90002,1998.89001,1992.66003,1993.95996
2023-03-24 06:00:00,1993.62,1999.19995,1988.19995,1997.96997
2023-03-24 05:00:00,1999.65002,2003.35999,1992.79004,1993.51001
2023-03-24 04:00:00,1994.19995,1999.69995,1990.87,1999.59998
2023-03-24 03:00:00,1984.19995,1995.28003,1982.81995,1994.28003
2023-03-24 02:00:00,1979.03003,1987.09998,1977.76001,1984.13
2023-03-24 01:00:00,1984.26001,1984.41003,1979.07996,1979.13
2023-03-24 00:00:00,1971.84998,1985.07996,1971.53003,1984.29004
2023-03-23 23:00:00,1978.55005,1980.35999,1966.73999,1971.98999
2023-03-23 22:00:00,1977.78003,1978.67004,1975.66003,1978.45996
2023-03-23 21:00:00,1978.35999,1980.66003,1976.37,1977.76001
2023-03-23 20:00:00,1976.67004,1978.88,1975.03003,1978.18005
2023-03-23 19:00:00,1977.56006,1978.83997,1974.29004,1976.59998
2023-03-23 18:00:00,1978.12,1983.67004,1975.01001,1976.88
2023-03-23 17:00:00,1977.19995,1983.46997,1976.70996,1978.21997
2023-03-23 16:00:00,1977.80005,1980.89001,1976.18994,1977.33997
2023-03-23 15:00:00,1976.90002,1978.20996,1975.01001,1977.82996
2023-03-23 14:00:00,1975.37,1977.76001,1973.42004,1976.92004
2023-03-23 13:00:00,1969.07996,1976.21997,1968.94995,1975.37
2023-03-23 12:00:00,1972.26001,1973.09998,1966.44995,1969.18005
2023-03-23 11:00:00,1969.73999,1973.66003,1969.70996,1972.93005
2023-03-23 10:00:00,1965.59998,1970.26001,1965.59998,1969.78003
2023-03-23 09:00:00,1969.88,1969.88,1965.01001,1965.63
2023-03-23 07:00:00,1972.73999,1975.05005,1966.90002,1969.66003
2023-03-23 06:00:00,1970.91003,1975.38,1954.32996,1972.68005
2023-03-23 05:00:00,1946.93005,1978.81006,1946.93005,1970.81995
2023-03-23 04:00:00,1949.03003,1950.83997,1945.16003,1946.51001
2023-03-23 03:00:00,1947.35999,1949.83997,1945.76001,1949.09998
2023-03-23 02:00:00,1950.51001,1952.01001,1946.70996,1947.37
2023-03-23 01:00:00,1943.20996,1951.68005,1942.62,1950.84998
2023-03-23 00:00:00,1937.56995,1944.32996,1937.55005,1942.92004
2023-03-22 23:00:00,1942.42004,1943.56006,1937.16003,1937.57996
2023-03-22 22:00:00,1942.68005,1943.53003,1939.83997,1942.54004
2023-03-22 21:00:00,1944.06995,1945.41003,1940.30005,1942.71997
2023-03-22 20:00:00,1941.95996,1945.69995,1941.94995,1944.18005
2023-03-22 19:00:00,1940.23999,1945.38,1940.04004,1941.70996
2023-03-22 18:00:00,1942.54004,1942.94995,1934.35999,1939.93994
2023-03-22 17:00:00,1939.89001,1943.65002,1939.14001,1942.55005
2023-03-22 16:00:00,1939.41003,1941.21997,1938.13,1939.81006
2023-03-22 15:00:00,1939.66003,1940.14001,1938.01001,1939.40002
2023-03-22 14:00:00,1939.53003,1941.98999,1938.23999,1939.73999
2023-03-22 13:00:00,1943.79004,1943.83997,1939.07996,1939.53003
2023-03-22 12:00:00,1943.44995,1946.23999,1942.96997,1944.01001
2023-03-22 11:00:00,1943.23999,1944.81995,1942.45996,1943.57996
2023-03-22 10:00:00,1941.38,1944.04004,1941.21997,1943.23999
2023-03-22 09:00:00,1939.96997,1942.53003,1939.48999,1941.23999
2023-03-22 07:00:00,1940.35999,1940.84998,1939.39001,1940.64001
2023-03-22 06:00:00,1936.78003,1940.73999,1936.10999,1940.23999
2023-03-22 05:00:00,1941.59998,1942.20996,1935.51001,1936.68994
2023-03-22 04:00:00,1944.38,1944.84998,1936.70996,1941.59998
2023-03-22 03:00:00,1948.23999,1949.06006,1940.28003,1944.34998
2023-03-22 02:00:00,1952.85999,1953.28003,1943.26001,1948.18994
2023-03-22 01:00:00,1952.48999,1954.95996,1945.39001,1953.44995
2023-03-22 00:00:00,1963.79004,1965.87,1952.18994,1952.68005
2023-03-21 23:00:00,1966.48999,1967.15002,1960.56006,1963.67004
2023-03-21 22:00:00,1968.65002,1969.43994,1965.94995,1966.42004
